,official_id,first_name,last_name
0,1140,Bruce,Alexander
1,1165,Luis,Grillo
2,1153,Joe,Crawford
3,1147,Mike,Callahan
4,1142,Dick,Bavetta
5,1202,Tommie,Wood
6,1146,Tony,Brothers
7,1157,Terry,Durham
8,1177,Ed,Middleton
9,1151,Sean,Corbin
10,1168,David,Jones
11,1186,Blane,Reichelt
14,1167,Steve,Javie
15,1148,James,Capers
17,1176,Monty,McCutchen
18,1158,Hugh,Evans
19,1163,Bernie,Fryer
20,1363,Bennie,Adams
21,1199,Tom,Washington
26,1164,Ron,Garretson
27,1144,Ted,Bernhardt
28,1190,Eddie,Rush
29,1145,Joe,Borgia
33,1161,Joe,Forte
34,1154,Bob,Delaney
38,1197,Don,Vaden
39,1160,Nolan,Fine
43,1192,Bennett,Salvatore
45,1184,Ron,Olesiak
48,1181,Tommy,Nunez
54,1183,Bill,Oakes
56,1195,Derrick,Stafford
58,1166,Hue,Hollins
59,1155,JB,DeRosa
65,1174,Ken,Mauer
81,1180,Jack,Nies
93,1152,Dan,Crawford
106,1194,Bill,Spooner
107,1150,Jimmy,Clark
112,1159,Kevin,Fehr
123,1188,Leroy,Richardson
124,1204,Derek,Richardson
132,1193,Michael,Smith
136,1203,Mark,Wunderlich
140,1185,Violet,Palmer
144,1143,Gary,Benson
161,1179,Rodney,Mott
163,1661,Rashan,Michel
166,1198,Scott,Wall
172,1662,Bill,Kennedy
187,1200,Greg,Willard
194,1162,Scott,Foster
201,1201,Leon,Wood
208,1170,Denise,Kantner
218,1830,Marc,Davis
219,1827,George,Toliver
226,1189,Phil,Robinson
228,1825,Mike,Mathis
237,1826,Jess,Kersey
239,2001,Jason,Phillips
242,1828,Hank,Armstrong
259,1156,Tim,Donaghy
327,2004,Courtney,Kirkland
330,1172,Jim,Kinsey
371,1182,Ronnie,Nunn
390,2002,Derrick,Collins
398,2003,Pat,Fraher
448,2147,Michael,Henderson
471,1664,Gary,Zielinski
531,2529,Tony,Brown
547,2530,Ed,Malloy
574,2531,Troy,Raymond
581,2534,Zach,Zarba
698,1169,Anthony,Jordan
707,2005,Matt,Boland
3934,2878,Tommy,Nunez Jr.
3960,2883,Robbie,Robinson
3989,2716,Olandis,Poole
3995,2148,Mark,Ayotte
4022,2715,Eric,Lewis
4294,100589,Thomas,Nunez
7480,2714,David,Guthrie
7517,2882,Sean,Wright
7610,2532,Eli,Roe
10737,2713,Lorenzo,Bronson
10755,100305,Kurt,Walker
10759,906,Haywoode,Workman
10787,100699,Eli,Roe
10825,101284,John,Goble
10836,101286,Kurt,Walker
10865,101285,Tony,Greene
10881,101287,Haywoode,Workman
14775,101283,Brian,Forte
14781,200834,Mark,Lindsay
18057,200833,Eric,Dalen
18076,201246,Kevin,Cutler
18079,1962936104,Yannik,Driesen
18094,201244,Jamie,Luckie
18142,200832,Curtis,Blair
18152,201245,Marat,Kogut
18617,201637,Haywoode,Workman
21906,201639,Josh,Tiven
21913,201638,Brent,Barnaky
21926,201640,Kane,Fitzgerald
23252,202037,J.T.,Orr
23303,202053,Scott,Twardoski
23335,202058,James,Williams
23390,202007,Nick,Buchert
25739,202009,Deldre,Carr
25740,202056,CJ,Washington
25741,202027,Tre,Maddox
25743,202035,Brett,Nansel
25745,202049,Ben,Taylor
25746,202030,George,McDaniels
25747,202041,Kevin,Scott
25748,202011,Marcus,Clayton
25749,202005,Scott,Bolnick
25751,202046,Jeffrey,Smith
25752,202020,Carlos,Gonzalez
25753,202057,Ken,Washington
25754,202013,Andre,Crawford
25755,202026,Karl,Lane
25756,202034,Matthew,Myers
25758,202032,William,Mensah
25763,202044,Lamont,Simpson
25764,202006,Michael,Borgelt
25765,202060,Jeff,Wooten
25768,202012,Sir Allen,Conner
25769,202001,Riel,Banaria
25770,202043,Brian,Shelley
25776,202040,Hector,Sanchez
25777,202039,Robert,Robinson
25779,202017,Jerrald,Drummond
25780,202054,Art,Vaulk
25782,202031,Marty,McEachean
25784,202029,Glen,Mayberry
25790,202019,Ed,Gaines
25791,202025,Byron,Jarrett
25794,1962936252,Jose,Martin
25796,202047,Kevin,Sparrock
25798,202042,Garrick,Shannon
25799,202000,Steve,Anderson
25803,202014,Greg,Dandridge
25804,202023,Donald,Hudson
25805,202033,Jamie,Morales
25808,202048,Crathman,Stephens
25813,202022,Wilson,Holland
25818,202010,Victor,Montgomery
25821,202008,James,Buntin
25825,202038,Timothy,Greene
25826,202002,Mike,Bobiak
25827,202064,Corey,McCray
25835,202016,Michael,DiRenzo
25842,202003,Dan,Beauchamp
25857,202024,Ivan,Jackson
25860,202004,Erik,Hanspard
25864,202028,Roberto,Marquez
25907,202045,Clifford,Sims
25930,202062,larry,Killps
29687,6014,Guerrino,Cerebuch
29710,201427,Karl,Lane
29714,201443,Scott,Bolnick
29739,8022,Emilio,Perez Pizarro
31160,202901,Matt,Myers
31182,202900,SirAllen,Connor
33240,1962936524,Sasa,Pukl
33252,1962936533,Robert,Lottermoser
33256,203177,Lauren,Holtkamp
33267,122683619,Borys,Ryzhyk
33279,1962936541,Sean,Corbin
33284,1962936534,Juan Carlos,Gonzalez
33341,1962936542,Brenda,Pantoja
33520,203207,Brenda,Pantoja
33952,203592,Dedric,Taylor
34074,203593,Justin,Van Duyne
37162,1962936723,Rustu,Nuran
37169,1962936725,Antonio,Conde
37205,202480,Dedric,Taylor
37213,201713,CJ,Washington
37268,203591,Mitchell,Ervin
37765,204055,Kipp,Kissinger
37904,204059,Tyler,Ford
38085,204058,Gediminas,Petraitis
41113,1962936866,Jeff,Wooten
41143,43228,Matej,Boltauzer
41144,202679,Jeff,Wooten
41274,200621,Jeff,Wooten
41937,1626302,Aaron,Smith
45014,1626300,Ray,Acosta
45037,1962937068,Olegs,Latiseus
45060,1626303,Vladimir,Voyard-Tadal
45078,1626301,Jason,Goldenberg
45089,1962937084,Luigi,Lamonica
45703,1627962,Jacyn,Goble
45786,1627963,Phenizee,Ransom
48915,1962937455,Sreten,Radovic
48946,1962937475,Damir,Javor
49019,1627961,Brandon,Adair
49046,1627964,Jonathan,Sterling
49769,1627538,Randy,Richardson
52854,1962937756,Anthony,Brown
52872,12,Chris,King
52900,1962937777,Matt,Hill
53405,1627541,Natalie,Sago
53407,1628953,Ashley,Moyer-Gleich
53417,1628159,Mousa,Dagher
53486,1628951,John,Butler
53976,1628172,Evan,Scott
53985,1627524,Nate,Green
56925,1628481,Simone,Jelks
56952,1628954,Jenna,Schroeder
57043,1627519,John,Conley
57130,1627534,Andy,Nagy
57183,1627529,Suyash,Mehta
60028,1628480,Robert,Hussey
60040,1628171,Brandon,Schwab
60050,1628484,Dannica,Mosher
60187,1628487,Danielle,Scott
60555,1627526,Matt,Kallio
63067,1,Deldre,Carr
63856,203054,Cheryl,Flores
63934,1628485,JD,Ralls
64174,1628168,Jenna,Reneau
64246,1627539,Tyler,Ricks
64753,1629175,Brent,Haskill
64780,1629174,Blanca,Burns
64810,1629183,Pat,O'Connell
64816,1628482,Tyler,Mirkovich
64819,1629422,Clare,Aubry
64843,1629178,Sha'Rae,Mitchell
64905,203800,Isaac,Barnett
66763,29040,J.D.,Ralls
66871,29012,Brent,Haskill
67380,1630886,Intae,Hwang
68121,29032,Intae,Hwang
